{
    "mc_questions": [
        {
            "question": "What is the result of expression 5.45 + \"3,2\"?\r",
            "answers": [
                "The String “5.453,2”",
                "The double value 8.6",
                "The String “8.6”",
                "The long value 8"
            ]
        },
        {
            "question": "What is the return type of program’s main( ) method?\r",
            "answers": [
                "void",
                "null",
                "String"
            ]
        },
        {
            "question": "Which is the default access modifier for an interface method?\r",
            "answers": [
                "public",
                "protected",
                "private",
                "None of the above"
            ]
        },
        {
            "question": "Constructors can be overloaded like regular methods.\r",
            "answers": [
                "YesB.No"
            ]
        }
    ]
}